{
  "model_type": "random_forest",
  "feature_pipeline_version": "1.0.0",
  "training_date": "2026-07-14T10:13:42.819112",
  "git_commit": "1f293ae102b2be69214152b5ef6119ce62715b73",
  "training_data_rows": 470,
  "test_rows": 30,
  "validation_approach": "walk_forward + holdout_test",
  "regions": [
    "Amsterdam",
    "Eindhoven",
    "Groningen",
    "Maastricht",
    "Nijmegen",
    "Rotterdam",
    "The Hague",
    "Utrecht"
  ],
  "property_types": [
    "apartment",
    "bungalow",
    "detached",
    "semi_detached",
    "terraced_house"
  ],
  "surface_area_range": {
    "min": 45.0,
    "max": 219.0,
    "median": 137.0
  },
  "price_range": {
    "min": 125658.9298177712,
    "max": 1292340.344263251,
    "median": 519724.7387358793
  },
  "feature_bounds": {
    "surface_area": {
      "p01": 46.0,
      "p99": 218.0
    },
    "number_of_rooms": {
      "p01": 2.0,
      "p99": 9.0
    },
    "number_of_bedrooms": {
      "p01": 1.0,
      "p99": 8.0
    },
    "house_age": {
      "p01": 1.0,
      "p99": 74.0
    },
    "surface_per_room": {
      "p01": 18.666666666666668,
      "p99": 47.31
    },
    "energy_label_score": {
      "p01": 2.0,
      "p99": 10.0
    },
    "surface_x_energy": {
      "p01": 162.42000000000002,
      "p99": 1741.24
    },
    "dist_to_city_centre_km": {
      "p01": 0.0,
      "p99": 12.661250974274974
    },
    "region_median_price_per_sqm": {
      "p01": 2827.8618696556955,
      "p99": 5894.1809762622715
    },
    "month": {
      "p01": 1.0,
      "p99": 12.0
    },
    "quarter": {
      "p01": 1.0,
      "p99": 4.0
    },
    "garden_numeric": {
      "p01": 0.0,
      "p99": 1.0
    }
  },
  "baseline_lookup": {
    "Amsterdam|apartment": 4942.996457157078,
    "Amsterdam|bungalow": 4900.565288262125,
    "Amsterdam|detached": 5894.1809762622715,
    "Amsterdam|semi_detached": 5223.332241512562,
    "Amsterdam|terraced_house": 4211.9038090353915,
    "Eindhoven|apartment": 3769.109194983652,
    "Eindhoven|bungalow": 3468.9361269983183,
    "Eindhoven|detached": 4176.903259369792,
    "Eindhoven|semi_detached": 3984.4048494254084,
    "Eindhoven|terraced_house": 3187.662915027004,
    "Groningen|apartment": 3321.24228806657,
    "Groningen|bungalow": 3344.510255661541,
    "Groningen|detached": 3673.693591773128,
    "Groningen|semi_detached": 3421.1670788785286,
    "Groningen|terraced_house": 2972.5291807221756,
    "Maastricht|apartment": 3583.6028846297986,
    "Maastricht|bungalow": 3165.5131390492043,
    "Maastricht|detached": 3945.249616998312,
    "Maastricht|semi_detached": 3380.7136270974665,
    "Maastricht|terraced_house": 2827.8618696556955,
    "Nijmegen|apartment": 3217.910607022307,
    "Nijmegen|bungalow": 3089.795148462728,
    "Nijmegen|detached": 4105.470053398106,
    "Nijmegen|semi_detached": 3620.938008699885,
    "Nijmegen|terraced_house": 3086.0524898363465,
    "Rotterdam|apartment": 4059.943863745406,
    "Rotterdam|bungalow": 3571.8177386400384,
    "Rotterdam|detached": 4548.901857138761,
    "Rotterdam|semi_detached": 4354.924031490677,
    "Rotterdam|terraced_house": 3505.5582052182954,
    "The Hague|apartment": 4161.9286895570485,
    "The Hague|bungalow": 4468.568420160385,
    "The Hague|detached": 4992.046659620495,
    "The Hague|semi_detached": 4453.711716408341,
    "The Hague|terraced_house": 3927.299315391362,
    "Utrecht|apartment": 4744.363297332317,
    "Utrecht|bungalow": 4580.2892101758935,
    "Utrecht|detached": 4963.439066076915,
    "Utrecht|semi_detached": 5010.642932384921,
    "Utrecht|terraced_house": 4261.318917248119
  },
  "global_median_psm": 3899.7891907403487,
  "holdout_evaluation": {
    "model": {
      "mae": 48101.10126315911,
      "rmse": 55877.91569608023,
      "bias": -9345.584682683851,
      "mape": 11.030354320957668,
      "sample_size": 30
    },
    "baseline": {
      "mae": 44345.83656039713,
      "rmse": 53463.6225285745,
      "bias": -16656.969248977315,
      "mape": 8.985993974864401,
      "sample_size": 30
    },
    "beats_baseline": false,
    "mae_improvement_pct": -8.5
  },
  "walk_forward_baseline_mae_mean": 44891.74758299575
}